trade_no,start_date,cusip,type,quantity,rate
3488141,2025-04-29 07:00:18,91282CEE7,REV,50000000,4.370000
3488142,2025-04-29 07:00:18,91282CEE7,REV,50000000,4.370000
3488144,2025-04-29 07:00:22,91282CEE7,REP,50000000,4.320000
3488145,2025-04-29 07:00:22,91282CEE7,REP,50000000,4.320000
3488146,2025-04-29 07:00:22,912797LW5,REV,50000000,4.300000
3488147,2025-04-29 07:00:22,912797LW5,REV,50000000,4.300000
3488150,2025-04-29 07:00:22,9128285W6,REV,50000000,4.310000
3488151,2025-04-29 07:00:22,912828Z37,REV,50000000,4.310000
3488156,2025-04-29 07:00:22,912797NW3,REV,50000000,4.300000
3488157,2025-04-29 07:00:22,912797NW3,REV,50000000,4.300000
3488164,2025-04-29 07:00:23,91282CJE2,REP,50000000,4.270000
3488166,2025-04-29 07:00:36,91282CEV9,REP,50000000,4.330000
3488167,2025-04-29 07:00:36,91282CEV9,REP,50000000,4.330000
3488174,2025-04-29 07:00:19,912797PT8,REP,50000000,4.190000
3488177,2025-04-29 07:00:24,912797NA1,REP,50000000,3.970000
3488178,2025-04-29 07:00:24,912797NA1,REP,50000000,3.970000
3488179,2025-04-29 07:00:24,912797NA1,REP,50000000,3.970000
3488180,2025-04-29 07:00:24,912797NA1,REP,50000000,3.970000
3488181,2025-04-29 07:00:24,912797NA1,REP,50000000,3.970000
3488182,2025-04-29 07:00:24,912797NA1,REP,50000000,3.970000
3488183,2025-04-29 07:00:24,912797NA1,REP,50000000,3.970000
3488184,2025-04-29 07:00:24,912797NA1,REP,50000000,3.970000
3488185,2025-04-29 07:00:24,912797NA1,REP,50000000,3.970000
3488186,2025-04-29 07:00:24,912797NA1,REP,50000000,3.970000
3488187,2025-04-29 07:00:48,91282CCY5,REP,50000000,4.350000
3488188,2025-04-29 07:00:19,91282CGH8,REV,50000000,4.380000
3488190,2025-04-29 07:00:36,91282CEV9,REV,50000000,4.360000
3488191,2025-04-29 07:00:36,91282CEV9,REV,50000000,4.360000
3488204,2025-04-29 07:00:39,91282CCY5,REV,50000000,4.370000
3488209,2025-04-29 07:01:16,91282CLU3,REP,50000000,4.350000
3488210,2025-04-29 07:01:16,91282CLU3,REP,50000000,4.350000
3488211,2025-04-29 07:01:17,912828R36,REP,50000000,4.370000
3488223,2025-04-29 07:01:16,91282CLU3,REV,50000000,4.370000
3488224,2025-04-29 07:01:16,91282CLU3,REV,50000000,4.370000
3488225,2025-04-29 07:01:17,912828R36,REV,50000000,4.390000
3488227,2025-04-29 07:01:19,912797PD3,REV,50000000,4.340000
3488228,2025-04-29 07:01:19,912797PD3,REV,50000000,4.340000
3488229,2025-04-29 07:01:19,912797PD3,REV,50000000,4.340000
3488246,2025-04-29 07:01:37,912797PD3,REV,50000000,4.330000
3488247,2025-04-29 07:01:37,912797PD3,REV,50000000,4.330000
3488248,2025-04-29 07:01:37,912797PD3,REV,50000000,4.330000
3488249,2025-04-29 07:01:37,912797PD3,REV,50000000,4.330000
3488268,2025-04-29 07:02:07,91282CMN8,REP,50000000,4.360000
3488269,2025-04-29 07:02:07,91282CMN8,REV,50000000,4.380000
3488270,2025-04-29 07:02:16,912797PJ0,REV,50000000,4.250000
3488277,2025-04-29 07:02:55,912797MG9,REP,21000000,4.240000
3488293,2025-04-29 07:03:51,912797PG6,REP,12000000,4.200000
3488294,2025-04-29 07:04:08,912797PG6,REV,25000000,4.210000
3488414,2025-04-29 07:07:24,912797PD3,REP,25000000,4.250000
3488430,2025-04-29 07:08:07,912797PD3,REP,25000000,4.250000
3488441,2025-04-29 07:09:22,91282CMT5,REV,50000000,4.360000
3488442,2025-04-29 07:09:22,91282CMT5,REV,50000000,4.360000
3488443,2025-04-29 07:09:22,91282CMT5,REV,50000000,4.360000
3488467,2025-04-29 07:10:34,91282CMT5,REV,50000000,4.370000
3488530,2025-04-29 07:11:43,91282CMP3,REP,50000000,4.360000
3488584,2025-04-29 07:13:18,912797QK6,REP,27000000,4.360000
3488662,2025-04-29 07:16:44,91282CMT5,REP,28000000,4.340000
3488708,2025-04-29 07:24:37,91282CHV6,REV,50000000,4.330000
3488710,2025-04-29 07:24:40,91282CMT5,REV,50000000,4.330000
3488711,2025-04-29 07:24:40,91282CMT5,REV,50000000,4.330000
3488712,2025-04-29 07:24:40,91282CMT5,REV,50000000,4.330000
3488713,2025-04-29 07:24:40,91282CMT5,REV,50000000,4.330000
3488714,2025-04-29 07:24:44,91282CGB1,REV,15000000,4.350000
3488715,2025-04-29 07:24:44,91282CGB1,REV,50000000,4.350000
3488716,2025-04-29 07:24:44,91282CGB1,REV,50000000,4.350000
3488717,2025-04-29 07:24:44,91282CGB1,REV,50000000,4.350000
3488718,2025-04-29 07:24:51,91282CAJ0,REV,50000000,4.330000
3488734,2025-04-29 07:25:29,91282CJE2,REV,50000000,4.050000
3488758,2025-04-29 07:26:24,912797MG9,REV,25000000,4.310000
3488759,2025-04-29 07:26:24,912797MG9,REV,50000000,4.310000
3488795,2025-04-29 07:29:26,912797NW3,REP,10000000,4.340000
3488796,2025-04-29 07:29:50,912797LW5,REP,50000000,4.320000
3488797,2025-04-29 07:30:06,912797MH7,REP,25000000,4.270000
3488802,2025-04-29 07:34:30,912797PH4,REP,15000000,4.320000
3488803,2025-04-29 07:34:37,912797NN3,REP,25000000,4.300000
3488804,2025-04-29 07:35:45,91282CHV6,REP,25000000,4.320000
3488905,2025-04-29 07:48:56,912797NA1,REV,50000000,4.150000
3488906,2025-04-29 07:49:23,912797NL7,REP,12000000,4.170000
3488914,2025-04-29 07:49:42,912797QH3,REP,10000000,4.350000
3488917,2025-04-29 07:50:25,912797QB6,REP,10000000,4.230000
3488918,2025-04-29 07:50:38,912797PP6,REV,11000000,4.200000
3488924,2025-04-29 07:59:59,912810EV6,REV,25000000,4.270000
3489019,2025-04-29 08:14:06,912797PJ0,REV,25000000,4.000000
3489020,2025-04-29 08:14:06,912797PJ0,REV,50000000,4.000000
3489024,2025-04-29 08:21:06,912797PD3,REP,25000000,4.350000
3489029,2025-04-29 08:23:24,912797LW5,REP,25000000,4.320000
3489070,2025-04-29 08:24:11,912797NN3,REP,50000000,4.350000
3489132,2025-04-29 08:29:04,912797PH4,REP,25000000,4.310000
3489156,2025-04-29 08:35:11,912797PZ4,REP,10000000,4.330000
3489157,2025-04-29 08:35:14,912797NW3,REP,10000000,4.330000
3489158,2025-04-29 08:35:50,912797PH4,REP,50000000,4.360000
3489159,2025-04-29 08:35:50,912797PH4,REP,50000000,4.360000
3489187,2025-04-29 08:43:01,91282CLP4,REP,25000000,4.370000
3489188,2025-04-29 08:46:30,912797PP6,REV,50000000,4.280000
3489189,2025-04-29 08:46:30,912797PP6,REV,50000000,4.280000
3489190,2025-04-29 08:46:30,912797PP6,REV,50000000,4.280000
3489191,2025-04-29 08:46:30,912797PP6,REV,50000000,4.280000
3489192,2025-04-29 08:46:30,912797PP6,REV,50000000,4.280000
3489466,2025-04-29 09:15:56,912797NA1,REV,50000000,4.150000
3489467,2025-04-29 09:15:56,912797NA1,REV,50000000,4.150000
3489468,2025-04-29 09:15:56,912797NA1,REV,50000000,4.150000
3489469,2025-04-29 09:15:56,912797NA1,REV,50000000,4.150000
3489472,2025-04-29 09:16:24,912797NA1,REV,25000000,4.150000
3489473,2025-04-29 09:16:24,912797NA1,REV,50000000,4.150000
3489485,2025-04-29 09:18:35,912797PY7,REV,25000000,4.370000
3489564,2025-04-29 09:29:01,9128284Z0,REV,25000000,4.240000
3489565,2025-04-29 09:29:01,9128284Z0,REV,50000000,4.240000
3489566,2025-04-29 09:29:06,9128284Z0,REV,25000000,4.240000
3489567,2025-04-29 09:29:14,912810EY0,REV,25000000,4.240000
3489568,2025-04-29 09:29:14,912810EY0,REV,50000000,4.240000
3489569,2025-04-29 09:29:57,912810EV6,REV,50000000,4.200000
3489619,2025-04-29 09:36:23,912810EV6,REV,50000000,4.200000
3489620,2025-04-29 09:36:23,912810EV6,REV,50000000,4.200000
3489621,2025-04-29 09:36:23,912810EV6,REV,50000000,4.200000
3489622,2025-04-29 09:36:35,9128284Z0,REV,50000000,4.200000
3489623,2025-04-29 09:36:35,9128284Z0,REV,50000000,4.200000
3489654,2025-04-29 09:38:34,912797PZ4,REP,32000000,4.300000
3489667,2025-04-29 09:39:50,912797QG5,REP,25000000,4.310000
3489721,2025-04-29 09:47:39,912797LW5,REP,19000000,4.300000
3489795,2025-04-29 10:02:07,912810UE6,REP,10000000,4.330000
3489827,2025-04-29 10:03:47,912810UE6,REV,10000000,4.300000
3489830,2025-04-29 10:03:56,912810UE6,REV,50000000,4.330000
3489941,2025-04-29 10:13:50,912797QE0,REV,50000000,4.250000
3489955,2025-04-29 10:16:59,912797PW1,REP,5000000,4.310000
3489958,2025-04-29 10:17:04,912797PY7,REP,5000000,4.340000
3489959,2025-04-29 10:17:13,912797MG9,REP,25000000,4.330000
3489963,2025-04-29 10:17:32,91282CLY5,REV,8000000,4.360000
3489965,2025-04-29 10:17:37,91282CJP7,REP,7000000,4.330000
3489966,2025-04-29 10:17:47,91282CLY5,REP,25000000,4.360000
3489967,2025-04-29 10:17:53,912810TT5,REP,12000000,4.350000
3489970,2025-04-29 10:19:02,9128285J5,REV,12000000,4.360000
3489971,2025-04-29 10:19:10,912797PZ4,REP,5000000,4.340000
3489979,2025-04-29 10:22:04,912797NA1,REP,5000000,4.100000
3489980,2025-04-29 10:22:09,9128284Z0,REV,25000000,4.200000
3489993,2025-04-29 10:22:51,912810UG1,REV,11000000,4.340000
3490002,2025-04-29 10:25:01,91282CGA3,REP,22000000,4.100000
3490003,2025-04-29 10:25:09,912797PZ4,REP,50000000,4.300000
3490020,2025-04-29 10:33:11,912797PJ0,REV,50000000,4.190000
3490027,2025-04-29 10:34:15,912797PT8,REV,25000000,3.850000
3490041,2025-04-29 10:37:09,912810SN9,REV,13000000,4.240000
3490042,2025-04-29 10:37:24,912797PT8,REV,13000000,3.850000
3490261,2025-04-29 10:42:54,912810EX2,REV,5000000,4.190000
3490265,2025-04-29 10:46:40,912797PT8,REP,25000000,3.500000
3490319,2025-04-29 11:03:25,912810SQ2,REP,6000000,4.250000
3490322,2025-04-29 11:03:33,912810UJ5,REP,50000000,4.280000
3490325,2025-04-29 11:05:04,912810TR9,REP,31000000,4.300000
3490326,2025-04-29 11:05:30,912810UG1,REP,16000000,4.320000
3490329,2025-04-29 11:11:40,912797NU7,REP,5000000,4.250000
3490332,2025-04-29 11:12:59,912797PH4,REP,50000000,4.350000
3490336,2025-04-29 11:17:20,912797QD2,REP,44000000,4.360000
3490337,2025-04-29 11:18:03,912797PH4,REP,50000000,4.350000
3490338,2025-04-29 11:18:52,912797PD3,REP,5000000,4.290000
3490339,2025-04-29 11:18:54,912797PD3,REP,19000000,4.300000
3490340,2025-04-29 11:18:57,912797PD3,REP,5000000,4.340000
3490342,2025-04-29 11:32:38,912797QG5,REV,17000000,4.360000
3490345,2025-04-29 11:39:04,91282CKH3,REP,5000000,4.280000
3490376,2025-04-29 11:55:46,912797PT8,REV,25000000,4.000000
3490377,2025-04-29 11:55:49,91282CFW6,REV,26000000,4.240000
3490379,2025-04-29 12:00:34,912810EX2,REP,25000000,4.370000
3490380,2025-04-29 12:00:42,912797QG5,REP,25000000,4.370000
3490381,2025-04-29 12:04:01,912797PS0,REP,50000000,4.340000
3490382,2025-04-29 12:17:20,912797QC4,REV,25000000,3.950000
3490474,2025-04-29 12:43:50,912797NW3,REP,25000000,4.340000
3491123,2025-04-29 15:22:57,912797NX1,REP,5000000,4.280000
3491124,2025-04-29 15:23:00,912797PZ4,REP,5000000,4.250000
3491127,2025-04-29 15:25:10,91282CKL4,REV,25000000,4.410000
3491136,2025-04-29 15:26:28,912797PS0,REP,5000000,4.250000
3491137,2025-04-29 15:27:24,912797QD2,REP,25000000,4.390000
3491138,2025-04-29 15:27:24,912797QD2,REP,50000000,4.390000
3491139,2025-04-29 15:27:42,91282CLB5,REP,25000000,4.420000
3491172,2025-04-29 15:33:47,912797QK6,REP,50000000,4.400000
3491173,2025-04-29 15:33:47,912797QK6,REP,50000000,4.400000
3491174,2025-04-29 15:34:33,91282CAJ0,REV,50000000,4.340000
3491175,2025-04-29 15:34:33,91282CAJ0,REV,50000000,4.340000
3491176,2025-04-29 15:34:33,91282CAJ0,REV,50000000,4.340000
3491177,2025-04-29 15:34:45,91282CHV6,REV,50000000,4.340000
3491178,2025-04-29 15:34:45,91282CHV6,REV,50000000,4.340000
3491179,2025-04-29 15:34:45,91282CHV6,REV,50000000,4.340000
3491181,2025-04-29 15:35:22,91282CHN4,REV,25000000,4.380000
3491267,2025-04-29 07:00:01,912797PC5,REP,10000000,4.300000
3491268,2025-04-29 07:00:01,912810UE6,REV,20000000,4.360000
3491269,2025-04-29 07:00:01,912810UE6,REV,50000000,4.360000
3491270,2025-04-29 07:00:02,912797QF7,REP,10000000,4.250000
3491271,2025-04-29 07:00:01,912797PL5,REP,12000000,4.320000
3491272,2025-04-29 07:00:02,912797QK6,REP,12000000,4.340000
3491273,2025-04-29 07:00:01,912797PS0,REP,10000000,4.330000
3491275,2025-04-29 07:00:18,912797PH4,REP,10000000,4.310000
3491276,2025-04-29 07:00:20,91282CGE5,REV,25000000,3.990000
3491278,2025-04-29 07:00:20,91282CAM3,REV,50000000,4.330000
3491279,2025-04-29 07:00:20,912797LN5,REV,25000000,4.360000
3491285,2025-04-29 07:00:20,912810FG8,REV,25000000,4.300000
3491286,2025-04-29 07:00:18,912797QK6,REV,50000000,4.390000
3491287,2025-04-29 07:00:20,912810FG8,REV,25000000,4.300000
3491288,2025-04-29 07:00:20,912797MH7,REV,25000000,4.280000
3491290,2025-04-29 07:00:20,9128285T3,REV,50000000,4.330000
3491298,2025-04-29 07:00:36,912797NL7,REV,25000000,4.210000
3491299,2025-04-29 07:00:18,912797PS0,REV,50000000,4.360000
3491300,2025-04-29 07:00:36,912797NU7,REV,25000000,4.270000
3491301,2025-04-29 07:00:36,912797QJ9,REP,25000000,4.300000
3491305,2025-04-29 07:00:38,912797LN5,REV,25000000,4.360000
3491306,2025-04-29 07:00:18,912797PS0,REV,50000000,4.360000
3491307,2025-04-29 07:00:40,91282CEF4,REV,50000000,4.380000
3491308,2025-04-29 07:00:40,91282CEF4,REV,50000000,4.380000
3491309,2025-04-29 07:00:40,91282CEF4,REV,50000000,4.380000
3491310,2025-04-29 07:00:40,91282CEF4,REV,50000000,4.380000
3491311,2025-04-29 07:00:40,91282CEF4,REV,50000000,4.380000
3491312,2025-04-29 07:00:40,91282CEF4,REV,50000000,4.380000
3491313,2025-04-29 07:00:40,91282CEF4,REV,50000000,4.380000
3491323,2025-04-29 07:00:19,912797PL5,REV,50000000,4.370000
3491324,2025-04-29 07:00:19,912797PL5,REV,50000000,4.370000
3491325,2025-04-29 07:00:19,912797PL5,REV,25000000,4.370000
3491328,2025-04-29 07:00:18,9128285T3,REP,25000000,4.310000
3491329,2025-04-29 07:00:19,912810FG8,REP,50000000,4.270000
3491336,2025-04-29 07:00:21,912797QF7,REV,25000000,4.420000
3491337,2025-04-29 07:00:21,912797QF7,REV,25000000,4.420000
3491338,2025-04-29 07:00:30,912797NW3,REP,10000000,4.340000
3491339,2025-04-29 07:00:36,912797NU7,REP,25000000,4.240000
3491341,2025-04-29 07:00:36,912797QJ9,REV,25000000,4.320000
3491342,2025-04-29 07:00:36,912797PH4,REV,25000000,4.340000
3491345,2025-04-29 07:00:38,91282CEF4,REP,50000000,4.360000
3491346,2025-04-29 07:00:38,91282CEF4,REP,50000000,4.360000
3491347,2025-04-29 07:00:38,91282CEF4,REP,50000000,4.360000
3491348,2025-04-29 07:00:38,91282CEF4,REP,50000000,4.360000
3491349,2025-04-29 07:00:38,91282CEF4,REP,50000000,4.360000
3491350,2025-04-29 07:00:38,91282CEF4,REP,50000000,4.360000
3491351,2025-04-29 07:00:38,91282CEF4,REP,50000000,4.360000
3491352,2025-04-29 07:00:39,912797QF7,REP,10000000,4.410000
3491358,2025-04-29 07:00:45,912797QK6,REP,33000000,4.390000
3491366,2025-04-29 07:00:47,912797QK6,REP,10000000,4.400000
3491370,2025-04-29 07:00:48,912797NW3,REV,25000000,4.360000
3491372,2025-04-29 07:00:56,912797QJ9,REP,10000000,4.320000
3491374,2025-04-29 07:00:57,912797QF7,REV,25000000,4.430000
3491388,2025-04-29 07:01:31,91282CGE5,REV,25000000,4.000000
3491409,2025-04-29 07:02:15,9128282L3,REV,50000000,4.440000
3491427,2025-04-29 07:02:46,912797NM5,REP,29000000,4.330000
3491433,2025-04-29 07:03:00,912797NM5,REV,50000000,4.330000
3491434,2025-04-29 07:03:04,912810UF3,REP,25000000,4.380000
3491435,2025-04-29 07:03:04,912810UF3,REP,50000000,4.380000
3491436,2025-04-29 07:03:04,912810UF3,REP,50000000,4.380000
3491437,2025-04-29 07:03:04,912810UF3,REP,50000000,4.380000
3491438,2025-04-29 07:03:04,912810UF3,REV,50000000,4.400000
3491439,2025-04-29 07:03:04,912810UF3,REV,50000000,4.400000
3491440,2025-04-29 07:03:04,912810UF3,REV,50000000,4.400000
3491441,2025-04-29 07:03:04,912810UF3,REV,50000000,4.400000
3491442,2025-04-29 07:03:04,912810UF3,REV,50000000,4.400000
3491443,2025-04-29 07:03:04,912810UF3,REV,50000000,4.400000
3491444,2025-04-29 07:03:04,912810UF3,REV,50000000,4.400000
3491448,2025-04-29 07:03:25,912797PG6,REV,17000000,4.230000
3491449,2025-04-29 07:03:27,912810UC0,REP,25000000,4.380000
3491450,2025-04-29 07:03:27,912810UC0,REP,50000000,4.380000
3491451,2025-04-29 07:03:27,912797PG6,REP,15000000,4.220000
3491452,2025-04-29 07:03:27,912810UC0,REV,25000000,4.400000
3491453,2025-04-29 07:03:27,912810UC0,REV,50000000,4.400000
3491457,2025-04-29 07:03:45,912797PV3,REP,15000000,4.420000
3491459,2025-04-29 07:03:54,91282CMW8,REP,30000000,4.410000
3491460,2025-04-29 07:03:55,912828R36,REV,25000000,4.430000
3491463,2025-04-29 07:04:03,912797PN1,REP,11000000,4.210000
3491464,2025-04-29 07:04:06,912797PV3,REV,25000000,4.430000
3491466,2025-04-29 07:04:10,91282CMM0,REP,30000000,4.400000
3491467,2025-04-29 07:04:13,91282CMM0,REP,35000000,4.400000
3491468,2025-04-29 07:04:21,912797PN1,REV,25000000,4.230000
3491476,2025-04-29 07:04:39,91282CMM0,REV,50000000,4.400000
3491477,2025-04-29 07:04:39,91282CMM0,REV,50000000,4.400000
3491525,2025-04-29 07:06:23,91282CMR9,REP,33000000,4.410000
3491526,2025-04-29 07:06:25,91282CMR9,REP,25000000,4.420000
3491534,2025-04-29 07:06:34,912797PW1,REV,26000000,4.350000
3491551,2025-04-29 07:06:45,91282CMR9,REV,50000000,4.420000
3491554,2025-04-29 07:06:48,912797PW1,REP,25000000,4.350000
3491587,2025-04-29 07:07:26,91282CAM3,REV,37000000,4.340000
3491607,2025-04-29 07:07:38,912797NV5,REP,42000000,4.380000
3491628,2025-04-29 07:07:54,912797NV5,REV,50000000,4.380000
3491698,2025-04-29 07:09:19,91282CMU2,REV,6000000,4.330000
3491758,2025-04-29 07:10:48,912797PB7,REP,10000000,4.200000
3491759,2025-04-29 07:11:04,912797PB7,REV,25000000,4.200000
3491760,2025-04-29 07:11:11,91282CMW8,REP,34000000,4.420000
3491762,2025-04-29 07:11:27,91282CMW8,REV,50000000,4.420000
3491778,2025-04-29 07:14:56,912797NV5,REV,25000000,4.380000
3491779,2025-04-29 07:15:23,912797PE1,REP,14000000,4.370000
3491782,2025-04-29 07:15:29,912797PE1,REV,25000000,4.370000
3491804,2025-04-29 07:18:34,912828Z37,REV,40000000,4.360000
3491808,2025-04-29 07:18:54,912828Z37,REP,25000000,4.360000
3491874,2025-04-29 07:21:41,91282CLS8,REP,31000000,4.390000
3491876,2025-04-29 07:21:50,91282CLS8,REV,25000000,4.390000
3491877,2025-04-29 07:21:50,91282CLS8,REV,50000000,4.390000
3491878,2025-04-29 07:21:50,91282CLS8,REV,50000000,4.390000
3491895,2025-04-29 07:23:33,91282CLS8,REP,29000000,4.400000
3491923,2025-04-29 07:32:00,912797PK7,REP,10000000,3.500000
3491924,2025-04-29 07:32:18,912797PK7,REV,25000000,3.550000
3492076,2025-04-29 07:45:00,912797QF7,REV,25000000,4.400000
3492077,2025-04-29 07:45:00,912797QF7,REV,50000000,4.400000
3492152,2025-04-29 07:50:25,91282CGE5,REP,25000000,4.000000
3492156,2025-04-29 07:51:08,91282CGA3,REP,35000000,4.150000
3492162,2025-04-29 07:51:26,91282CGA3,REV,50000000,4.170000
3492555,2025-04-29 09:01:44,912810UG1,REP,5000000,4.350000
3492556,2025-04-29 09:01:44,912810UG1,REV,25000000,4.370000
3492736,2025-04-29 09:24:26,912797QB6,REP,10000000,4.240000
3492738,2025-04-29 09:24:37,912797QB6,REV,50000000,4.260000
3492774,2025-04-29 09:29:32,9128284Z0,REV,25000000,4.200000
3492775,2025-04-29 09:29:34,91282CEF4,REP,5000000,4.340000
3492776,2025-04-29 09:29:34,912828ZE3,REP,5000000,4.340000
3492777,2025-04-29 09:29:34,91282CLG4,REP,5000000,4.380000
3492778,2025-04-29 09:29:34,91282CFH9,REP,5000000,4.390000
3492779,2025-04-29 09:29:34,91282CBS9,REP,5000000,4.400000
3492780,2025-04-29 09:29:34,91282CEV9,REP,5000000,4.350000
3492782,2025-04-29 09:29:34,912828ZQ6,REP,5000000,4.390000
3492783,2025-04-29 09:29:37,9128286S4,REP,5000000,4.400000
3492785,2025-04-29 09:29:37,91282CHH7,REP,5000000,4.400000
3492786,2025-04-29 09:29:43,912828ZB9,REV,25000000,4.270000
3492787,2025-04-29 09:29:38,91282CCP4,REP,5000000,4.380000
3492788,2025-04-29 09:29:38,91282CCZ2,REP,5000000,4.390000
3492789,2025-04-29 09:29:39,912828YU8,REP,5000000,4.340000
3492790,2025-04-29 09:29:39,91282CMN8,REP,5000000,4.400000
3492791,2025-04-29 09:29:40,91282CKD2,REP,5000000,4.390000
3492792,2025-04-29 09:29:40,912810SC3,REP,5000000,4.390000
3492793,2025-04-29 09:29:49,91282CKJ9,REV,25000000,4.270000
3492794,2025-04-29 09:29:41,912810PX0,REP,5000000,4.340000
3492796,2025-04-29 09:29:52,912828ZE3,REV,25000000,4.430000
3492797,2025-04-29 09:29:52,91282CLG4,REV,25000000,4.450000
3492798,2025-04-29 09:29:54,91282CMF5,REV,25000000,4.310000
3492799,2025-04-29 09:29:52,91282CFH9,REV,25000000,4.440000
3492800,2025-04-29 09:29:52,91282CBS9,REV,25000000,4.440000
3492801,2025-04-29 09:29:52,91282CEV9,REV,25000000,4.400000
3492802,2025-04-29 09:29:52,912828ZQ6,REV,25000000,4.440000
3492803,2025-04-29 09:29:55,9128286S4,REV,25000000,4.440000
3492804,2025-04-29 09:29:55,91282CHH7,REV,25000000,4.440000
3492805,2025-04-29 09:30:00,91282CMW8,REV,50000000,4.300000
3492806,2025-04-29 09:29:56,91282CCZ2,REV,25000000,4.450000
3492807,2025-04-29 09:29:57,912828YU8,REV,25000000,4.400000
3492808,2025-04-29 09:29:57,91282CMN8,REV,25000000,4.440000
3492809,2025-04-29 09:29:58,91282CKD2,REV,25000000,4.450000
3492810,2025-04-29 09:29:58,912810SC3,REV,25000000,4.440000
3492811,2025-04-29 09:30:05,91282CES6,REV,25000000,4.270000
3492812,2025-04-29 09:29:59,912810PX0,REV,25000000,4.400000
3492813,2025-04-29 09:30:16,912828YB0,REV,50000000,4.300000
3492814,2025-04-29 09:30:20,912828YS3,REV,25000000,4.300000
3492822,2025-04-29 09:30:22,91282CEP2,REV,25000000,4.310000
3492823,2025-04-29 09:30:29,91282CKQ3,REV,25000000,4.290000
3492838,2025-04-29 09:31:15,91282CDJ7,REV,50000000,4.310000
3492967,2025-04-29 09:42:01,91282CLT6,REP,9000000,4.220000
3492968,2025-04-29 09:42:19,91282CLT6,REV,25000000,4.260000
3493011,2025-04-29 09:43:43,912810EV6,REV,25000000,4.180000
3493012,2025-04-29 09:43:59,91282CHZ7,REP,5000000,4.400000
3493016,2025-04-29 09:44:17,91282CHZ7,REV,25000000,4.440000
3493021,2025-04-29 09:45:29,91282CGM7,REP,8000000,4.250000
3493029,2025-04-29 09:45:47,91282CGM7,REV,25000000,4.280000
3493087,2025-04-29 09:48:44,912810RD2,REV,50000000,4.280000
3493088,2025-04-29 09:48:58,912810TR9,REV,50000000,4.280000
3493151,2025-04-29 09:55:35,91282CHQ7,REV,50000000,4.430000
3493152,2025-04-29 09:55:35,91282CHQ7,REP,50000000,4.350000
3493187,2025-04-29 10:00:03,912797LW5,REV,14000000,4.340000
3493189,2025-04-29 10:00:03,912797QD2,REV,13000000,4.320000
3493190,2025-04-29 10:00:03,912797LW5,REP,5000000,4.300000
3493192,2025-04-29 10:00:03,912797QE0,REP,5000000,4.200000
3493193,2025-04-29 10:00:03,912797QE0,REV,12000000,4.240000
3493194,2025-04-29 10:00:03,912797QD2,REP,5000000,4.300000
3493196,2025-04-29 10:00:04,91282CKF7,REP,5000000,4.300000
3493197,2025-04-29 10:00:04,91282CKF7,REV,30000000,4.320000
3493203,2025-04-29 10:00:17,91282CMV0,REP,10000000,4.300000
3493204,2025-04-29 10:00:17,91282CMV0,REV,14000000,4.320000
3493219,2025-04-29 10:01:15,91282CLL3,REV,6000000,4.320000
3493233,2025-04-29 10:01:31,912810TM0,REP,10000000,4.200000
3493258,2025-04-29 10:01:49,912810TM0,REV,25000000,4.250000
3493260,2025-04-29 10:02:11,912797MG9,REP,5000000,4.230000
3493261,2025-04-29 10:02:11,912797MH7,REV,15000000,4.240000
3493262,2025-04-29 10:02:11,912797QC4,REP,5000000,4.120000
3493263,2025-04-29 10:02:11,912797MH7,REP,5000000,4.210000
3493264,2025-04-29 10:02:11,912797QC4,REV,13000000,4.150000
3493265,2025-04-29 10:02:12,91282CMU2,REV,10000000,4.280000
3493276,2025-04-29 10:04:18,912810QZ4,REP,5000000,4.200000
3493277,2025-04-29 10:04:36,912810QZ4,REV,25000000,4.220000
3493279,2025-04-29 10:05:06,912797PK7,REP,8000000,3.600000
3493282,2025-04-29 10:05:24,912797PK7,REV,25000000,3.760000
3493306,2025-04-29 10:08:23,912810SJ8,REV,8000000,4.280000
3493337,2025-04-29 10:10:44,91282CHM6,REV,9000000,4.320000
3493358,2025-04-29 10:11:16,912810QN1,REV,6000000,4.250000
3493363,2025-04-29 10:11:38,912810UE6,REV,50000000,4.300000
3493364,2025-04-29 10:11:38,912810UE6,REV,50000000,4.300000
3493365,2025-04-29 10:11:38,912810UE6,REV,50000000,4.300000
3493366,2025-04-29 10:11:38,912810UE6,REV,50000000,4.300000
3493370,2025-04-29 10:12:04,91282CEP2,REV,6000000,4.300000
3493371,2025-04-29 10:12:04,91282CEP2,REP,5000000,4.280000
3493535,2025-04-29 10:19:28,912810FS2,REP,5000000,4.240000
3493536,2025-04-29 10:19:28,91282CCA7,REP,5000000,4.240000
3493537,2025-04-29 10:19:28,9128286X3,REP,6000000,4.240000
3493538,2025-04-29 10:19:46,912810FS2,REV,25000000,4.260000
3493539,2025-04-29 10:19:46,9128286X3,REV,25000000,4.260000
3493540,2025-04-29 10:19:46,91282CCA7,REV,25000000,4.260000
3493656,2025-04-29 10:30:31,91282CLF6,REV,50000000,4.340000
3493665,2025-04-29 10:35:34,912810QE1,REP,5000000,4.230000
3493667,2025-04-29 10:35:52,912810QE1,REV,25000000,4.250000
3493673,2025-04-29 10:38:43,91282CKR1,REV,6000000,4.350000
3493674,2025-04-29 10:38:46,91282CBB6,REV,8000000,4.380000
3493782,2025-04-29 10:45:40,912810UJ5,REP,5000000,4.000000
3493801,2025-04-29 10:45:58,912810UJ5,REV,50000000,4.100000
3493894,2025-04-29 11:01:05,912810UC0,REP,11000000,4.390000
3493895,2025-04-29 11:01:23,912810UC0,REV,25000000,4.420000
3493983,2025-04-29 11:07:38,912797PZ4,REP,5000000,4.340000
3494018,2025-04-29 11:08:53,912810TE8,REP,5000000,4.280000
3494021,2025-04-29 11:16:24,91282CGE5,REV,9000000,4.030000
3494022,2025-04-29 11:16:37,91282CCZ2,REP,5000000,4.290000
3494023,2025-04-29 11:16:42,91282CGP0,REP,5000000,4.290000
3494027,2025-04-29 11:18:17,91282CGE5,REP,25000000,3.950000
3494052,2025-04-29 11:29:47,91282CAB7,REP,5000000,4.200000
3494054,2025-04-29 11:30:02,91282CLW9,REV,10000000,4.310000
3494055,2025-04-29 11:30:05,91282CAB7,REV,25000000,4.250000
3494056,2025-04-29 11:31:21,91282CLW9,REV,10000000,4.300000
3494057,2025-04-29 11:31:40,91282CLW9,REV,10000000,4.300000
3494061,2025-04-29 11:34:53,91282CGS4,REV,15000000,4.300000
3494062,2025-04-29 11:35:08,91282CJX0,REV,7000000,4.250000
3494063,2025-04-29 11:35:11,91282CGS4,REV,10000000,4.310000
3494070,2025-04-29 11:36:34,91282CGE5,REV,6000000,4.000000
3494146,2025-04-29 11:49:54,912828YS3,REP,25000000,4.310000
3494149,2025-04-29 11:52:30,9128286X3,REV,14000000,4.420000
3494150,2025-04-29 11:52:30,9128286X3,REP,5000000,4.380000
3494155,2025-04-29 11:54:43,91282CGV7,REP,12000000,4.200000
3494156,2025-04-29 11:54:57,91282CGV7,REV,25000000,4.200000
3494157,2025-04-29 11:55:03,9128285N6,REP,5000000,4.250000
3494158,2025-04-29 11:55:21,9128285N6,REV,25000000,4.290000
3494164,2025-04-29 12:00:31,91282CJX0,REV,5000000,4.250000
3494219,2025-04-29 12:20:43,912810TU2,REP,5000000,4.370000
3494220,2025-04-29 12:21:01,912810TU2,REV,25000000,4.410000
3494221,2025-04-29 12:21:25,91282CJS1,REV,19000000,4.280000
3494387,2025-04-29 12:44:26,9128286A3,REP,6000000,4.300000
3494388,2025-04-29 12:44:44,9128286A3,REV,25000000,4.340000
3494695,2025-04-29 14:09:16,912797PK7,REP,20000000,4.100000
3494698,2025-04-29 14:13:57,912810TE8,REP,12000000,4.360000
3494701,2025-04-29 14:14:15,912810TE8,REV,25000000,4.400000
3494802,2025-04-29 14:40:04,912797PK7,REP,5000000,4.050000
3494822,2025-04-29 14:42:28,912797PB7,REP,5000000,4.150000
3494832,2025-04-29 14:46:24,912810EV6,REP,25000000,4.000000
3494874,2025-04-29 15:26:30,91282CHC8,REV,25000000,4.440000
3494875,2025-04-29 15:26:38,91282CGA3,REP,18000000,4.170000
3494876,2025-04-29 15:26:47,91282CEY3,REP,17000000,4.360000
3494877,2025-04-29 15:26:55,91282CGA3,REV,25000000,4.180000
3494878,2025-04-29 15:27:03,91282CEY3,REV,25000000,4.360000
3494889,2025-04-29 15:27:24,91282CFU0,REP,16000000,4.410000
3494895,2025-04-29 15:27:29,91282CFM8,REV,19000000,4.450000
3494921,2025-04-29 15:27:38,91282CHY0,REV,17000000,4.450000
3494940,2025-04-29 15:27:41,91282CFU0,REV,25000000,4.430000
3494947,2025-04-29 15:27:44,912810FA1,REV,12000000,4.420000
3494955,2025-04-29 15:27:49,91282CCA7,REP,5000000,4.400000
3494956,2025-04-29 15:27:51,91282CFM8,REP,25000000,4.450000
3494958,2025-04-29 15:28:05,91282CGA3,REP,9000000,4.180000
3494959,2025-04-29 15:28:21,91282CGA3,REV,25000000,4.180000
3494970,2025-04-29 15:29:26,912810TJ7,REP,11000000,4.430000
3494971,2025-04-29 15:29:47,912810TJ7,REV,25000000,4.440000
3494974,2025-04-29 15:30:47,91282CGX3,REV,8000000,4.410000
3495039,2025-04-29 15:44:04,91282CHL8,REP,16000000,4.340000
3495040,2025-04-29 15:44:15,91282CHL8,REV,25000000,4.340000
3495053,2025-04-29 16:00:52,91282CLR0,REV,5000000,4.450000
3495054,2025-04-29 16:00:55,91282CLR0,REV,14000000,4.430000
3495347,2025-04-29 07:00:21,912810EW4,REV,50000000,4.410000
3495348,2025-04-29 07:00:21,912810EW4,REV,50000000,4.410000
3495349,2025-04-29 07:00:21,912810EW4,REV,50000000,4.410000
3495351,2025-04-29 07:00:18,912797PY7,REV,50000000,4.320000
3495353,2025-04-29 07:00:21,912797NW3,REV,50000000,4.350000
3495354,2025-04-29 07:00:21,912797NW3,REV,50000000,4.350000
3495373,2025-04-29 07:00:18,912797ND5,REV,14000000,4.370000
3495376,2025-04-29 07:00:19,912797QH3,REV,50000000,4.420000
3495380,2025-04-29 07:00:18,912797LB1,REV,50000000,4.380000
3495385,2025-04-29 07:00:55,91282CEF4,REV,50000000,4.400000
3495439,2025-04-29 07:00:54,91282CEF4,REP,50000000,4.380000
3495472,2025-04-29 07:01:31,91282CBL4,REV,50000000,4.390000
3495473,2025-04-29 07:01:31,91282CBL4,REV,50000000,4.390000
3495474,2025-04-29 07:01:31,91282CBL4,REV,50000000,4.390000
3495481,2025-04-29 07:01:54,91282CBL4,REP,31000000,4.390000
3495485,2025-04-29 07:02:09,91282CBL4,REV,50000000,4.390000
3495486,2025-04-29 07:02:09,91282CBL4,REV,50000000,4.390000
3495490,2025-04-29 07:02:20,912797NV5,REP,15000000,4.400000
3495498,2025-04-29 07:02:42,912797NV5,REV,25000000,4.410000
3495499,2025-04-29 07:02:42,91282CKK6,REV,45000000,4.420000
3495500,2025-04-29 07:02:44,912797QC4,REV,50000000,4.210000
3495502,2025-04-29 07:02:54,91282CKK6,REP,25000000,4.420000
3495505,2025-04-29 07:02:58,91282CGA3,REV,29000000,4.200000
3495512,2025-04-29 07:03:18,91282CGA3,REP,25000000,4.190000
3495593,2025-04-29 07:04:21,91282CBL4,REP,50000000,4.400000
3495594,2025-04-29 07:04:21,91282CBL4,REP,50000000,4.400000
3495595,2025-04-29 07:04:21,91282CBL4,REP,50000000,4.400000
3495597,2025-04-29 07:04:21,91282CBL4,REV,50000000,4.420000
3495598,2025-04-29 07:04:21,91282CBL4,REV,50000000,4.420000
3495630,2025-04-29 07:04:47,912810UD8,REV,50000000,4.420000
3495631,2025-04-29 07:04:47,912810UD8,REV,50000000,4.420000
3495704,2025-04-29 07:04:47,912810UD8,REP,50000000,4.390000
3495705,2025-04-29 07:04:47,912810UD8,REP,50000000,4.390000
3495723,2025-04-29 07:05:08,91282CLV1,REV,50000000,4.390000
3495731,2025-04-29 07:05:33,91282CJS1,REP,28000000,4.370000
3495737,2025-04-29 07:05:42,91282CLS8,REP,31000000,4.400000
3495738,2025-04-29 07:05:49,91282CJS1,REV,25000000,4.370000
3495739,2025-04-29 07:05:49,91282CJS1,REV,25000000,4.370000
3495744,2025-04-29 07:05:59,91282CLS8,REV,50000000,4.400000
3495748,2025-04-29 07:05:59,912797PL5,REP,10000000,4.350000
3495756,2025-04-29 07:06:07,912797LN5,REP,13000000,4.350000
3495757,2025-04-29 07:06:10,912828K74,REV,36000000,4.360000
3495762,2025-04-29 07:06:13,912797PL5,REV,25000000,4.360000
3495770,2025-04-29 07:06:25,912797LN5,REV,25000000,4.350000
3495771,2025-04-29 07:06:28,912828K74,REP,25000000,4.360000
3495806,2025-04-29 07:06:48,912797NW3,REV,24000000,4.370000
3495807,2025-04-29 07:06:49,912797NW3,REP,11000000,4.370000
3495808,2025-04-29 07:06:57,912828N71,REP,27000000,4.390000
3495809,2025-04-29 07:07:13,912828N71,REV,25000000,4.400000
3495810,2025-04-29 07:07:15,9128284Z0,REV,25000000,4.250000
3495813,2025-04-29 07:07:38,91282CAM3,REV,25000000,4.290000
3495814,2025-04-29 07:07:43,912828N71,REV,25000000,4.400000
3495816,2025-04-29 07:08:14,912810TW8,REV,25000000,4.400000
3495842,2025-04-29 07:09:43,91282CGA3,REV,50000000,4.150000
3495843,2025-04-29 07:09:43,91282CGA3,REP,50000000,4.130000
3495864,2025-04-29 07:10:16,912797PC5,REV,25000000,4.300000
3496053,2025-04-29 07:16:17,912797MH7,REP,10000000,4.240000
3496054,2025-04-29 07:16:30,912797MH7,REV,25000000,4.250000
3496073,2025-04-29 07:16:58,91282CMM0,REV,32000000,4.370000
3496074,2025-04-29 07:17:20,912797MH7,REP,13000000,4.250000
3496075,2025-04-29 07:17:36,912797MH7,REV,25000000,4.250000
3496076,2025-04-29 07:17:40,91282CMV0,REP,29000000,4.380000
3496077,2025-04-29 07:17:53,91282CMV0,REV,50000000,4.380000
3496157,2025-04-29 07:29:27,912797PW1,REP,10000000,4.350000
3496158,2025-04-29 07:29:49,912797PW1,REV,25000000,4.390000
3496882,2025-04-29 09:04:38,91282CLV1,REP,50000000,4.300000
3496883,2025-04-29 09:04:38,91282CLV1,REP,50000000,4.300000
3496884,2025-04-29 09:06:40,91282CMV0,REP,5000000,4.320000
3496885,2025-04-29 09:06:58,91282CMV0,REV,50000000,4.340000
3496890,2025-04-29 09:07:30,91282CJE2,REP,5000000,4.300000
3496901,2025-04-29 09:07:48,91282CJE2,REV,25000000,4.320000
3496958,2025-04-29 09:12:48,91282CGQ8,REV,5000000,4.370000
3497301,2025-04-29 09:34:55,91282CFF3,REP,5000000,4.250000
3497302,2025-04-29 09:35:13,91282CFF3,REV,25000000,4.290000
3497305,2025-04-29 09:36:53,912797PF8,REV,50000000,4.330000
3497438,2025-04-29 09:48:18,912828Y95,REP,5000000,4.250000
3497439,2025-04-29 09:48:36,912828Y95,REV,25000000,4.290000
3497440,2025-04-29 09:48:56,91282CFL0,REP,6000000,4.250000
3497443,2025-04-29 09:49:12,91282CFL0,REV,25000000,4.250000
3497448,2025-04-29 09:49:24,91282CMM0,REV,50000000,4.330000
3497613,2025-04-29 09:56:49,91282CJZ5,REV,25000000,4.260000
3497614,2025-04-29 09:56:49,91282CJZ5,REV,25000000,4.260000
3497617,2025-04-29 09:57:03,912810EY0,REV,25000000,4.270000
3497634,2025-04-29 10:00:05,91282CKK6,REV,9000000,4.300000
3497635,2025-04-29 10:00:05,91282CKK6,REP,5000000,4.250000
3497636,2025-04-29 10:00:05,91282CKR1,REP,7000000,4.250000
3497637,2025-04-29 10:00:05,912797NE3,REP,5000000,4.250000
3497643,2025-04-29 10:00:22,91282CMC2,REV,7000000,4.280000
3497644,2025-04-29 10:00:22,91282CMC2,REP,5000000,4.250000
3497645,2025-04-29 10:00:23,91282CKR1,REV,25000000,4.280000
3497666,2025-04-29 10:01:06,91282CJS1,REV,17000000,4.300000
3497667,2025-04-29 10:01:13,912828Y95,REV,10000000,4.300000
3497668,2025-04-29 10:01:20,91282CLL3,REV,14000000,4.300000
3497681,2025-04-29 10:01:36,9128286X3,REV,43000000,4.320000
3497690,2025-04-29 10:01:49,91282CLX7,REV,25000000,4.260000
3497692,2025-04-29 10:01:54,91282CJX0,REV,15000000,4.250000
3497693,2025-04-29 10:01:54,9128286X3,REP,25000000,4.300000
3497694,2025-04-29 10:01:55,91282CES6,REV,25000000,4.300000
3497696,2025-04-29 10:02:05,912797NU7,REP,5000000,4.240000
3497697,2025-04-29 10:02:05,912797NU7,REV,6000000,4.260000
3497711,2025-04-29 10:02:39,912797PR2,REP,5000000,4.230000
3497712,2025-04-29 10:02:39,912828M56,REV,26000000,4.330000
3497713,2025-04-29 10:02:39,912828M56,REP,5000000,4.310000
3497714,2025-04-29 10:02:39,912828ZW3,REV,10000000,4.330000
3497715,2025-04-29 10:02:39,912797PG6,REP,5000000,4.100000
3497716,2025-04-29 10:02:39,912828ZW3,REP,6000000,4.290000
3497720,2025-04-29 10:02:45,91282CMC2,REV,8000000,4.260000
3497721,2025-04-29 10:02:49,912810EZ7,REV,11000000,4.250000
3497722,2025-04-29 10:02:53,912797QF7,REV,15000000,4.330000
3497723,2025-04-29 10:02:57,912797PG6,REV,25000000,4.160000
3497725,2025-04-29 10:03:05,91282CMV0,REV,17000000,4.270000
3497727,2025-04-29 10:03:09,91282CMV0,REV,11000000,4.260000
3497730,2025-04-29 10:03:36,91282CLF6,REV,22000000,4.280000
3497788,2025-04-29 10:10:16,912797NL7,REP,5000000,4.130000
3497790,2025-04-29 10:10:24,912797QJ9,REP,5000000,4.200000
3497792,2025-04-29 10:10:34,912797NL7,REV,25000000,4.150000
3497815,2025-04-29 10:10:53,912797PP6,REP,5000000,4.150000
3497856,2025-04-29 10:11:21,912797NA1,REP,5000000,4.010000
3497863,2025-04-29 10:12:38,91282CES6,REV,25000000,4.330000
3497864,2025-04-29 10:12:38,91282CES6,REV,50000000,4.330000
3497924,2025-04-29 10:16:17,91282CMP3,REP,10000000,4.250000
3497925,2025-04-29 10:16:35,91282CMP3,REV,50000000,4.300000
3497930,2025-04-29 10:20:00,91282CML2,REP,10000000,4.250000
3497931,2025-04-29 10:20:00,91282CML2,REV,23000000,4.270000
3497934,2025-04-29 10:22:31,9128287B0,REP,5000000,4.240000
3497936,2025-04-29 10:22:49,9128287B0,REV,25000000,4.260000
3497961,2025-04-29 10:26:54,91282CMU2,REV,35000000,4.270000
3497962,2025-04-29 10:26:54,91282CMU2,REV,50000000,4.270000
3497969,2025-04-29 10:31:42,912810QE1,REP,5000000,4.230000
3497970,2025-04-29 10:31:54,91282CLY5,REP,5000000,4.200000
3497971,2025-04-29 10:32:00,912810QE1,REV,25000000,4.250000
3497972,2025-04-29 10:32:12,91282CLY5,REV,25000000,4.250000
3497976,2025-04-29 10:35:36,91282CHP9,REP,5000000,4.310000
3497979,2025-04-29 10:35:54,91282CHP9,REV,25000000,4.330000
3498002,2025-04-29 10:39:15,912797PG6,REP,10000000,4.150000
3498003,2025-04-29 10:39:31,912797PG6,REV,25000000,4.150000
3498071,2025-04-29 10:46:28,912797PN1,REP,5000000,4.150000
3498073,2025-04-29 10:46:46,912797PN1,REV,25000000,4.180000
3498138,2025-04-29 11:01:40,912810RL4,REP,5000000,4.230000
3498139,2025-04-29 11:01:58,912810RL4,REV,25000000,4.250000
3498140,2025-04-29 11:03:34,91282CHT1,REP,7000000,4.250000
3498141,2025-04-29 11:03:52,91282CHT1,REV,25000000,4.270000
3498165,2025-04-29 11:10:50,91282CBS9,REP,5000000,4.400000
3498166,2025-04-29 11:10:50,91282CBS9,REP,20000000,4.420000
3498167,2025-04-29 11:11:08,91282CBS9,REV,50000000,4.450000
3498212,2025-04-29 11:23:18,912810ST6,REP,23000000,4.370000
3498213,2025-04-29 11:23:21,91282CEY3,REP,14000000,4.390000
3498214,2025-04-29 11:23:36,912810ST6,REV,25000000,4.400000
3498215,2025-04-29 11:23:39,91282CEY3,REV,25000000,4.420000
3498220,2025-04-29 11:24:12,91282CBJ9,REP,20000000,4.430000
3498221,2025-04-29 11:24:30,91282CBJ9,REV,25000000,4.460000
3498226,2025-04-29 11:30:47,912797PY7,REV,25000000,4.290000
3498238,2025-04-29 11:33:22,91282CBL4,REV,50000000,4.260000
3498359,2025-04-29 11:41:55,912810EZ7,REV,21000000,4.430000
3498360,2025-04-29 11:41:55,912810EZ7,REP,5000000,4.390000
3498363,2025-04-29 11:44:35,91282CKH3,REP,5000000,4.280000
3498364,2025-04-29 11:44:41,91282CFM8,REP,7000000,4.300000
3498370,2025-04-29 11:48:56,91282CAJ0,REP,11000000,4.340000
3498377,2025-04-29 11:57:24,912810PU6,REP,5000000,4.400000
3498379,2025-04-29 11:57:42,912810PU6,REV,25000000,4.440000
3498387,2025-04-29 11:59:45,912797PG6,REV,10000000,4.170000
3498388,2025-04-29 11:59:45,912797PG6,REP,5000000,4.150000
3498408,2025-04-29 12:10:22,9128285N6,REP,5000000,4.260000
3498409,2025-04-29 12:10:40,9128285N6,REV,25000000,4.310000
3498625,2025-04-29 13:00:19,912797PJ0,REP,5000000,4.250000
3498627,2025-04-29 13:00:53,912797PS0,REP,5000000,4.250000
3498644,2025-04-29 13:02:31,912797PH4,REP,25000000,4.270000
3498834,2025-04-29 13:14:30,91282CMU2,REV,10000000,4.270000
3498835,2025-04-29 13:14:32,91282CMW8,REV,10000000,4.260000
3498850,2025-04-29 13:23:55,912797MH7,REV,15000000,4.270000
3498901,2025-04-29 13:33:45,91282CLV1,REP,25000000,4.440000
3498902,2025-04-29 13:33:45,91282CLV1,REP,50000000,4.440000
3498913,2025-04-29 13:33:43,91282CLV1,REV,25000000,4.460000
3498914,2025-04-29 13:33:43,91282CLV1,REV,50000000,4.460000
3498916,2025-04-29 13:38:17,91282CMJ7,REP,6000000,4.290000
3498917,2025-04-29 13:38:35,91282CMJ7,REV,25000000,4.380000
3498918,2025-04-29 13:40:21,912810QU5,REP,5000000,4.400000
3498919,2025-04-29 13:40:39,912810QU5,REV,25000000,4.440000
3498924,2025-04-29 13:48:55,912797PF8,REP,5000000,4.100000
3498985,2025-04-29 14:29:22,912797NW3,REP,25000000,4.100000
3499019,2025-04-29 14:43:37,91282CHD6,REV,6000000,4.390000
3499020,2025-04-29 14:43:37,91282CHD6,REP,5000000,4.350000
3499048,2025-04-29 14:45:48,91282CML2,REP,5000000,3.800000
